,name,latitude,longitude
0,4 Bunglows,19.1247,72.8264
1,Aarey Milk Colony,19.151,72.8831
2,Abhyudaya Nagar,18.9914,72.8442
3,Adaigaon,19.0086,73.1282
4,Adharwadi,19.257,73.124
5,Agashi,19.4604,72.7747
6,Airoli,19.159,72.9986
7,Akurli Nagar,19.1997,72.8589
8,Alika Nagar,19.198,72.8707
9,Ambawadi,19.2411,72.86
10,Ambedkar Nagar,19.073,72.8789
11,Ambernath,19.1825,73.1926
12,Ambernath East,19.2075,73.1853
13,Ambernath West,19.1825,73.1926
14,Ambivali,19.2651,73.1724
15,Ambivli,19.2651,73.1724
16,Amboli,19.1258,72.8448
17,Amrut Nagar,19.1021,72.9128
18,Anand Nagar,19.2557,72.8656
19,Andheri (East),19.1179,72.8631
20,Andheri (West),19.1364,72.8296
21,Anjurdive,19.2298,73.0349
22,Asangaon,19.4392,73.2998
23,Asara Colony,19.2265,72.8571
24,Asha Nagar,19.214,72.8656
25,Atgaon,19.5042,73.3252
26,Azad Nagar,19.1292,72.836
27,Babhai,19.2265,72.8464
28,Badlapur,19.1668,73.2368
29,Badlapur (East),19.2629,73.1388
30,Badlapur (West),19.1762,73.2401
31,Balkum,19.2153,72.9918
32,Bandra (East),19.0609,72.8465
33,Bandra (West),19.0596,72.8295
34,Bandra Kurla Complex,19.0688,72.8703
35,Belapur,19.0237,73.0404
36,Belavali,19.1777,73.2268
37,Belpada,19.0395,73.0576
38,Bevarly Park,19.0976,73.0003
39,Bhagat Colony,19.2001,72.8405
40,Bhakti Park,19.0292,72.8796
41,Bhandup (East),19.1503,72.9491
42,Bhandup (West),19.1624,72.9376
43,Bhayander (East),19.3043,72.859
44,Bhayander (West),19.3008,72.8467
46,Bhiwandi,19.2813,73.0483
47,Boisar,19.7969,72.7452
48,Bolinj,19.4423,72.7954
49,Borivali (East),19.2298,72.8609
50,Borivali (West),19.2381,72.8523
51,Brahmand,19.2458,72.98
52,Breach Candy,18.9746,72.8065
53,Budhaji Nagar,19.192,72.9889
54,Byculla,18.975,72.8295
55,Byculla East,18.9822,72.8383
56,Byculla West,18.9761,72.8312
57,Cama Industrial Estate,19.1568,72.8538
58,Chakala,19.1098,72.8583
59,Chamundeshwari Nagar,18.9163,72.8196
60,Chanakya Nagar,19.2658,73.1305
61,Chandan Shanti,19.2874,72.8737
62,Chandivali,19.1075,72.9018
63,Charai,19.1985,72.9748
64,Charkop,19.21,72.8183
65,Chembur,19.0522,72.9005
66,Chembur (East),19.0522,72.9005
67,Chembur (West),19.0673,72.9018
68,Chikan Ghar,19.2468,73.1423
69,Chikhal Dongari,19.4845,72.7866
70,Chikholi,19.076,72.8777
71,Chikuwadi,19.2215,72.839
72,Chincholi Bunder,19.1791,72.8414
73,Churchgate,18.9322,72.8264
74,Churi Wadi,19.1682,72.8523
75,Colaba,18.9067,72.8147
76,Collectors Colony Chembur,19.0446,72.8914
77,Cuffe Parade,18.9127,72.8213
78,Dadar,19.0178,72.8478
79,Dadar (East),19.0099,72.8427
80,Dadar (West),19.0236,72.8378
81,Dahanukar Wadi,19.2085,72.8375
82,Dahisar,19.4946,72.8604
83,Dahisar (East),19.2575,72.865
84,Dahisar (West),19.2547,72.8539
85,Dattapada,19.2222,72.8584
86,Daulat Nagar,19.2366,72.8611
87,Deonar,19.0447,72.9103
88,Desale Pada,19.1926,73.0863
89,Devad,18.9921,73.1342
90,Devicha Pada,19.2317,73.0827
91,Devipada,19.2242,72.8671
92,Dhobi Ali,19.1985,72.9748
93,Dhokali,19.2288,72.983
94,Dina Bama Estate,19.1434,72.9374
95,Dindoshi,19.1762,72.8617
96,Diva Gaon,19.1869,73.0478
97,DN Nagar,19.1229,72.8301
98,Dokali Pada,19.2293,72.9807
99,Dombivli (East),19.2161,73.09899999999998
100,Dombivli (West),19.2189,73.0807
101,Dongarpada,19.4709,72.8087
102,Dronagiri,18.8812,72.9645
103,Eksar,19.245,72.8368
104,Ekta Nagar,19.1843,72.8371
105,Evershine Nagar,19.1919,72.832
106,Film City Road,19.076,72.8777
107,G B Road,19.2635,72.9741
108,Gamdevi,18.9589,72.8124
109,Gandhar Nagar,19.2559,73.1331
110,Gandhi Nagar,19.0585,72.8479
111,Ganesh Nagar,19.1327,72.8796
112,Garodia Nagar,19.0751,72.9091
113,Gauripada,19.2513,73.1533
114,Gavanpada,19.1731,72.9645
115,Gawand Baug,19.2259,72.9601
116,Geeta Nagar,19.2905,72.8591
117,Ghansoli,19.1254,72.9992
118,Ghatkopar (East),19.0786,72.9101
119,Ghatkopar West,19.0908,72.9077
120,Ghodbunder Road,19.218329999999998,72.978088
121,Ghodev,19.3031,72.8612
122,Girgaon,18.9572,72.8197
123,Gograswadi,19.2118,73.0964
124,Gokul Township,19.4499,72.7998
125,Gokuldham,19.1703,72.8699
126,Gorai,19.2327,72.7867
127,Goregaon (East),19.1663,72.8526
128,Goregaon (West),19.1636,72.8459
129,Govandi,19.0535,72.9239
130,Hanuman Nagar,19.1954,72.8671
131,Hatkesh Udhog Nagar,19.2814,72.8789
132,Hemu Colony,19.2028,72.839
133,Hendre Pada,19.1704,73.2485
134,Hindu Colony,19.0197,72.8479
135,Hiranandani Estate,19.2591,72.9844
136,Hiranandani Gardens - Powai,19.1154,72.9091
137,Hiranandani Meadows,19.227,72.9719
138,I C Colony,19.2477,72.8501
139,Irani Wadi,19.2018,72.8389
140,J B Nagar,19.1111,72.8656
141,Jacob Circle,18.9821,72.8301
142,Jadhav Colony,19.1762,73.2305
143,Jagdusha Nagar,19.0977,72.908
144,Jankalyan Nagar,19.2023,72.8183
145,Jawahar Nagar,19.1606,72.8479
146,Jay Prakash Nagar,19.1646,72.85300000000002
147,Jeejamata Nagar,19.118,72.9977
148,Jesal Park,19.3165,72.8552
149,Jijamata Nagar,19.118,72.9977
150,Jogeshwari (East),19.1439,72.8428
151,Jogeshwari (West),19.1439,72.8428
152,Joveli Gaon,19.1421,73.2463
153,Juchandra,19.3564,72.8737
154,Juhu,19.1075,72.8263
155,Juhu Scheme,19.1106,72.8326
156,Jui Nagar,19.0507,73.0154
157,JVLR,19.140512,72.842155
158,JVPD,19.1106,72.8326
159,Kailash Nagar,19.1973,72.8439
160,Kajupada,19.0897,72.8864
161,Kalamboli,19.0328,73.1012
162,Kalher,19.2461,73.0179
163,Kalina,19.0763,72.8654
164,Kalu Nagar,19.2333,73.0802
165,Kalwa,19.2022,73.0025
166,Kalyan (East),19.2299,73.1338
167,Kalyan (West),19.2446,73.1235
168,Kamothe,19.0166,73.0966
169,Kanakia Park,19.3014,72.8774
170,Kanchpada,19.192,72.8383
171,Kandarpada,19.2558,72.8523
172,Kandivali (East),19.2005,72.8737
173,Kandivali (West),19.1998,72.8426
174,Kanjur Marg (East),19.1294,72.933
175,Kanjur Marg (west),19.1327,72.9254
176,Kannamwar Nagar I,19.1102,72.9379
177,Kannamwar Nagar II,19.1203,72.9379
178,Kapurbawadi,19.2201,72.9748
179,Karanjade,18.9733,73.1099
180,Karave Nagar,19.1298,72.9354
181,Karjat,18.9102,73.3283
182,Kasar Vadavali,19.2679,72.9712
183,Kasheli,19.2362,73.0149
184,Kashimira,19.2799,72.8855
185,Katemanivali,19.2247,73.1445
186,Katrap,19.169,73.2296
187,Kavesar,19.2625,72.9741
188,Ketkipada,19.2589,72.8767
189,Khadakpada,19.2592,73.1279
190,Khalapur,18.8306,73.2846
191,Khanda Colony,19.0094,73.1114
192,Khandeshwar,19.0166,73.0966
193,Khar,19.07,72.8338
194,Khar West,19.07,72.8338
195,Kharegaon,19.205,72.9995
196,Kharghar,19.0473,73.0699
197,Kharvai,19.1487,73.2463
198,Khatiwali,19.4171,73.2776
199,Khoni,19.3167,73.0597
200,Khopat,19.2014,72.9724
201,Khopoli,18.7939,73.3346
202,Kolshet Industrial Area,19.2315,72.9962
203,Kolshet Road,19.240892000000002,72.992497
204,Kopara,19.0357,73.0741
206,Koperkhairane,19.1616,72.9964
207,Kopri,19.1817,72.9712
208,Kulgaon,19.1614,73.2385
209,Kurla (East),19.0621,72.8834
210,Kurla (west),19.0708,72.8781
211,Kutak Bandhan,19.0729,73.0752
212,Lakshmiben Chedda Nagar,19.4152,72.8131
213,Lalbaug,18.9908,72.8383
214,Laxmi Nagar,19.1608,72.8323
215,LBS Marg,19.174673000000002,72.943108
216,Liberty Garden,19.186,72.8413
217,Linking Road,19.061486,72.835943
218,Lokhandwala Kandivali East,19.1982,72.8737
219,Louis Wadi,19.193,72.9616
220,Lower Parel,18.9977,72.8376
221,Lower Parel East,18.9919,72.8305
222,Lower Parel West,19.0003,72.8238
223,Madh,19.164,72.7895
224,Mahakali Caves,19.1301,72.8732
225,Mahalaxmi,18.9865,72.8183
226,Mahavir Nagar,19.215,72.8464
227,Mahim (West),19.032,72.8401
228,Majiwada,19.2137,72.9903
229,Malabar Hill,18.9548,72.7985
230,Malad (East),19.1854,72.8585
231,Malad (West),19.189,72.8355
232,Malvani,19.1858,72.8191
233,Manda,19.076,72.8777
234,Manisha Nagar,19.2,72.9905
235,Manjarli,19.1763,73.2397
236,Mankhurd,19.0513,72.9368
237,Manpada,19.2308,72.9741
238,Marine Drive,18.9431,72.8272
239,Marol,19.1173,72.884
240,Matunga,19.0269,72.8553
241,Matunga East,19.0269,72.8553
242,Matunga West,19.0282,72.8438
243,Mazgaon,18.9644,72.8421
244,Medetiya Nagar,19.2929,72.8641
245,Mhatre Wadi,19.2258,72.8538
246,Mindspace,19.1834,72.8324
247,Mira Bhayandar,19.2952,72.8544
248,Mira Road,19.2856,72.8691
249,Mira Road East,19.2856,72.8691
250,Morivali,19.2012,73.2006
251,Morya Nagar,19.4279,72.8147
252,Moti Nagar,19.1674,72.935
253,Motilal Nagar II,19.1643,72.8359
254,Mulund,19.1726,72.9425
255,Mulund (East),19.1582,72.9597
256,Mulund (West),19.1726,72.9425
257,Mulund Colony,19.1689,72.935
258,Mumbai Central,18.969,72.8205
259,Mumbra,19.1761,73.0229
260,Nahur,19.1553,72.9438
261,Naigaon (East),19.3561,72.8722
262,Naigaon (West),19.3511,72.8338
263,Nalasopara (West),19.4183,72.7956
264,Nalasopara East,19.4257,72.8374
265,Nallasopara,19.4199,72.8117
266,Nandivali Panchanand,19.1989,73.0922
267,Nandivli,19.1996,73.0848
268,Natwar Nagar,19.1299,72.8501
269,Naupada,19.1903,72.9712
270,Navghar Gaon,19.3065,72.8644
271,Nehru Nagar,19.064,72.8826
272,Nensey Colony,19.2354,72.8641
273,Neral,19.023,73.3175
274,Nerul,19.0338,73.0196
275,New Panvel,19.0016,73.1202
276,New Sector-50 Nerul,19.0137,73.0232
277,Nilemore,19.4254,72.8157
278,Nilje Gaon,19.1557,73.078
279,Nirmal Nagar,19.0654,72.8449
280,Old Panvel,18.9905,73.1042
281,Orlem,19.1955,72.8375
282,Owale,19.2678,72.9549
283,Owe Village,19.0665,73.0693
284,Pali Hill,19.0674,72.8262
285,Pali Village,18.538,73.222
286,Palm Beach,19.087347,73.008589
287,Panch Pakhadi,19.1955,72.9652
288,Panchkutir Ganesh Nagar,19.1219,72.9099
289,Pandurangwadi,19.1709,72.8508
290,Pant Nagar,19.0845,72.9105
291,Panvel,18.9894,73.1175
292,Parel,18.9977,72.8376
293,Parmanand Wadi,19.0008,72.84899999999998
294,Parsik Nagar,19.2086,73.0125
295,Patlipada,19.2421,72.9712
296,Peddar Road,18.968249,72.807385
297,Pendse Nagar,19.2185,73.0944
298,Pestom Sagar Colony,19.0695,72.9025
299,Petali,19.0809,73.0922
300,Phase-1 Petali,19.077,73.0917
301,Pokharan Road,19.2163,72.9726
302,Pokhran-2,19.218329999999998,72.978088
303,Poonam Gardens,19.2847,72.8719
304,Poonam Nagar,19.1373,72.8678
305,Poonam Sagar Complex,19.2725,72.8611
306,Powai,19.1176,72.906
307,Prabhadevi,19.0163,72.8291
308,Pushpa Park,19.19,72.8552
309,Rabale,19.1463,73.0081
310,Radha Nagar,19.123,72.8611
311,Raheja Vihar,19.1191,72.8951
312,Rajiv Gandhi Nagar,19.0412,72.8578
313,Rambaug,19.2427,73.1372
314,Ramdev Park,19.2977,72.8685
315,Rameshwadi,19.1628,73.2481
316,Ranjanpada,19.0589,73.0796
317,Rasayani,18.8931,73.1701
318,Rawalpada,19.2445,72.868
319,RCF Colony Chembur,19.0422,72.9025
320,Roadpali,19.0383,73.0981
321,Sadan Wadi,19.1532,72.9345
322,Sagaon,19.196073,73.09349
323,Sahayog Nagar,19.1309,72.827
324,Sai Nagar,18.9955,73.101
325,Saibaba Nagar,19.2179,72.8471
327,Sakinaka,19.0962,72.8877
328,Samata Nagar,19.2056,72.9635
329,Samta Nagar,19.2071,72.8685
330,Sangeeta Wadi,19.2114,73.0918
331,Sankalp Colony,19.1784,72.8767
332,Sanpada,19.0601,73.014
333,Santacruz (East),19.0744,72.8605
334,Santacruz (West),19.0841,72.83800000000002
335,Satya Nagar,19.215999999999998,72.8419
336,Seawoods,19.0171,73.0175
337,Sector 1 Charkop,19.2116,72.8258
338,Sector 1 Sanpada,19.0637,73.0047
339,Sector 10 Kamothe,19.0189,73.094
340,Sector 10 Kharghar,19.034,73.0752
341,Sector 11 Belapur,19.0165,73.0413
342,Sector 11 Kamothe,19.0203,73.0916
343,Sector 11 Kharghar,19.0387,73.0715
344,Sector 11 Koparkhairane,19.1616,72.9964
345,Sector 12 Kharghar,19.0439,73.0656
346,Sector 13 Sanpada,19.0613,73.0018
347,Sector 14 Kamothe,19.0172,73.0911
348,Sector 14 Kharghar,19.0452,73.0734
349,Sector 14 Vashi,19.0833,73.0029
350,Sector 15 Belapur,19.0092,73.0331
351,Sector 15 Kharghar,19.0401,73.0782
352,Sector 15 Kopar Khairane,19.1616,72.9964
353,Sector 16 Kamothe,19.0155,73.0909
354,Sector 17 Ulwe,18.9629,73.0221
355,Sector 17 Vashi,19.0723,73.0007
356,Sector 18 Kamothe,19.0138,73.09
357,Sector 18 Kharghar,19.0471,73.08
358,Sector 19 Kamothe,19.013,73.0925
359,Sector 19 Kharghar,19.0501,73.0782
360,Sector 19 Nerul,19.0322,73.025
361,Sector 19 Ulwe,18.9722,73.0295
362,Sector 19A Nerul,19.028,73.0265
363,Sector 2 Charkop,19.2136,72.8196
364,Sector 2 Kharghar,19.0302,73.0649
365,Sector 2 Ulwe,18.9831,73.0269
366,Sector 20 Airoli,19.1627,72.9892
367,Sector 20 Belapur,19.015,73.0331
368,Sector 20 Kamothe,19.0169,73.0962
369,Sector 20 Kharghar,19.0497,73.0737
370,Sector 20 Ulwe,18.978,73.0295
371,Sector 21 Ghansoli,19.1302,72.9994
372,Sector 21 Kamothe,19.0145,73.0973
373,Sector 21 Kharghar,19.0499,73.0686
374,Sector 21 Nerul,19.0295,73.0207
375,Sector 21 Ulwe,18.981,73.0309
376,Sector 22 Kamothe,19.0138,73.1014
377,Sector 23 Nerul,19.0272,73.01899999999998
378,Sector 23 Ulwe,18.9768,73.0324
379,Sector 25 Nerul,19.0233,73.0221
380,Sector 26 Vashi,19.09,73.0132
381,Sector 28 Vashi,19.091,73.0088
382,Sector 29 Vashi,19.0876,73.0059
383,Sector 30 Kharghar,19.0665,73.0693
384,Sector 34 Kamothe,19.0206,73.0855
385,Sector 34C Kharghar,19.0726,73.0763
386,Sector 35I Kharghar,19.070999999999998,73.0729
387,Sector 36 Kamothe,19.0253,73.09
388,Sector 36 Kharghar,19.072,73.0811
389,Sector 36 Seawoods,19.0164,73.0103
390,Sector 4 Kharghar,19.0328,73.0619
391,Sector 42 Seawoods,19.0186,73.0177
392,Sector 5 Ghansoli,19.1191,73.0002
393,Sector 5 Ulwe,18.9804,73.025
394,Sector 6 Kamothe,19.0226,73.0948
395,Sector 7 Kharghar,19.0346,73.0664
396,Sector 8 Airoli,19.1483,72.9948
397,Sector 9 Airoli,19.1454,72.9911
398,Sector 9 Nerul,19.0388,73.0232
399,Sector-10/B Ulwe,18.9707,73.012
400,Sector-10A Airoli,19.1428,72.9859
401,Sector-11 Taloja,19.0756,73.0925
402,Sector-12 Kamothe,19.0184,73.0889
403,Sector-12 Kopar Khairane,19.0971,73.0117
404,Sector-13 Kharghar,19.0451,73.0708
405,Sector-14 Koparkhairane,19.1616,72.9964
406,Sector-14 Sanpada,19.0615,73.00399999999998
407,Sector-14 Taloja,19.0763,73.0946
408,Sector-15 Ghansoli,19.1239,72.9911
409,Sector-15 Sanpada,19.0616,73.0055
410,Sector-16 Kharghar,19.0419,73.0826
411,Sector-16 Koparkhairane,19.1616,72.9964
412,Sector-16 Sanpada,19.0593,73.00399999999998
413,Sector-16 Taloja,19.074,73.0992
414,Sector-16 Ulwe,18.9596,73.021
415,Sector-17 Kamothe,19.0154,73.0874
416,Sector-17 Kopar Khairane,19.1616,72.9964
417,Sector-18 Sanpada,19.0558,73.0047
418,Sector-18 Ulwe,18.9674,73.0236
419,Sector-19 Airoli,19.1587,72.994
420,Sector-19 Koper Khairane,19.1616,72.9964
421,Sector-19 Taloja,19.0701,73.0955
422,Sector-19A Kopar Khairane,19.108,72.9992
423,Sector-20 Koparkhairane,19.1616,72.9964
424,Sector-20 Nerul,19.0341,73.0147
425,Sector-20 Roadpali,19.0377,73.0903
426,Sector-20 Taloja,19.0687,73.0962
427,Sector-20B Airoli,19.1656,72.991
428,Sector-23 Juinagar,19.0502,73.0156
429,Sector-23 Kharghar,19.0557,73.0686
430,Sector-23 Taloja,19.0708,73.0988
431,Sector-24 Kamothe,19.0119,73.1003
432,Sector-25 Kamothe,19.0102,73.1007
433,Sector-25 Khandeshhwar,19.0102,73.1007
434,Sector-27 Kharghar,19.1978,72.96
435,Sector-27 Nerul,19.0193,73.025
436,Sector-28 Nerul,19.0284,73.0153
437,Sector-29C Airoli,19.1433,72.9976
438,Sector-3 Belpada,19.076,72.8777
439,Sector-3 Ulwe,18.9846,73.0236
440,Sector-30 Belapur,19.0236,73.0331
441,Sector-34 Kharghar,19.07,73.0793
442,Sector-34A Kharghar,19.0691,73.0812
443,Sector-34B Kharghar,19.0696,73.083
444,Sector-35 Kamothe,19.0226,73.0874
445,Sector-35D Kharghar,19.0721,73.0791
446,Sector-35E Kharghar,19.0669,73.0713
447,Sector-35G Kharghar,19.0706,73.0704
448,Sector-37 Taloja,19.0782,73.0789
449,Sector-4 Nerul,19.0452,73.0121
450,Sector-42A Seawoods,19.0173,73.0158
451,Sector-44A Seawoods,19.0126,73.0114
452,Sector-5 Kamothe,19.0213,73.097
453,Sector-5 Kharghar,19.0354,73.059
454,Sector-5 Kopar Khairane,19.1042,73.0077
455,Sector-50 Seawoods,19.0139,73.0213
456,Sector-58 Seawoods,19.0068,73.0147
457,Sector-6 Airoli,19.1465,72.9988
458,Sector-6 Ghansoli,19.1215,73.0036
459,Sector-6 Kharghar,19.0405,73.0597
460,Sector-6A Kamothe,19.0241,73.0962
461,Sector-7 Kamothe,19.0223,73.0918
462,Sector-8 Charkop,19.2184,72.8146
463,Sector-8 Ghansoli,19.1218,72.9982
464,Sector-8 Kharghar,19.0301,73.0715
465,Sector-8 Sanpada,19.0612,73.0092
466,Sector-8 Ulwe,18.9673,73.0154
467,Sector-8A Airoli,19.1431,72.997
468,Sector-9 Charkop,19.2222,72.8235
469,Sector-9 Kamothe,19.0198,73.0962
470,Sector-9 Sanpada,19.0584,73.0132
471,Sector-9 Ulwe,18.9711,73.0177
472,Seven Bunglow,19.1291,72.8198
473,Sewri,18.9924,72.8547
474,Shahad,19.2498,73.1593
475,Shahpur,19.4521,73.328
476,Shanti Nagar,19.1201,72.8645
477,Shanti Park,19.2806,72.8667
478,Shastri Nagar,19.1394,72.8294
479,Sheetal Nagar,19.2826,72.8652
480,Sher E Punjab Colony,19.1256,72.8619
481,Shilphata,19.1435,73.0465
482,Shimpoli,19.2219,72.843
484,Shivaji Park,19.0307,72.8408
485,Shree Nagar,19.1898,72.9438
486,Siddharth Nagar,19.1596,72.84100000000001
487,Sindhi Society Chembur,19.0511,72.8907
488,Sion (East),19.0351,72.8663
489,Sriprastha,19.4223,72.8117
490,Sunder Nagar,19.1758,72.8419
491,Sunil Nagar,19.2045,73.0874
492,SV Patel Nagar,19.1379,72.8213
493,Tagore Nagar,19.1176,72.9328
494,Takka Colony,18.9799,73.1187
495,Taloja,19.063,73.1209
496,Taloja Panchanand,19.063,73.1209
497,Tambe Nagar,19.1806,72.9563
498,Tardeo,18.9676,72.8141
499,Teen Haath Naka,19.1842829,72.95811690000001
500,Thakur Complex,19.2095,72.8641
501,Thakur Village,19.2108,72.8747
502,Thakurli,19.2219,73.1003
503,Thane (East),19.1835,72.9781
504,Thane West,19.2467,72.976
505,Tilak Nagar,19.0683,72.8973
506,Titwala,19.2961,73.2035
507,Tolaram Colony,19.0416,72.8966
508,Ulhasnagar,19.2215,73.1645
509,Ulwe,18.972,73.0348
510,Umershetpada,19.1712,72.8726
511,Umesh Nagar,19.228,73.0835
512,Upper Govind Nagar,19.1753,72.8537
513,Upper Worli,18.9943,72.8213
514,Uthalsar,19.2044,72.9763
515,Vaishali Nagar,19.1441,72.8445
516,Vakola,19.0789,72.85
517,Valivali Gaon,19.1821,73.2391
518,Vangani,19.0929,73.2972
519,Vartak Nagar,19.2083,72.961
520,Vasai,19.3919,72.8397
521,Vasai East,19.4056,72.8557
522,Vasai Road,19.3826,72.8321
523,Vasai West,19.3665,72.8155
524,Vasant Nagari,19.4039,72.8294
525,Vasant Vihar,19.2245,72.9682
526,Vashi,19.0745,72.9978
527,Vasind,19.406,73.2665
528,Veera Desai Road,19.136326,72.82766
529,Versova,19.1351,72.8146
530,Vichumbe,18.9857,73.1347
531,Vijay Nagari,19.2561,72.9748
532,Vijay Park,19.2029,72.8389
533,Vikhroli (West),19.1024,72.92
534,Vile Parle (East),19.0964,72.8564
535,Vile Parle (West),19.1071,72.8368
536,Vinay Nagar,19.1144,72.8497
537,Virar,19.4564,72.7925
538,Virar East,19.4594,72.8189
539,Virar West,19.4559,72.7763
540,Vishnunagar,19.2207,73.087
541,Vitawa,19.1849,72.9903
542,Wadala,19.0149,72.8631
543,Wadala East,19.0089,72.8574
544,Wadala West,19.0164,72.8553
545,Waghbil,19.266,72.9845
546,Walkeshwar,18.9508,72.8021
547,Wayale Nagar,19.2552,73.1344
548,Wayle Nagar,19.2552,73.1344
549,Worli,18.9986,72.8174
550,Y K Nagar,19.4617,72.8028
551,Yari Road,19.138458,72.809321
552,Yogi Nagar,19.2352,72.8418
553,Yogidham,19.2485,73.1534
554,Adarsh Nagar,19.0147,72.8216
555,Agripada,19.0368099,73.0158234
556,Airoli Gaothan,19.163,72.994
557,Ajit Nagar,19.1103,72.8681
558,Akurli,19.008,73.1423
559,Altamount Road,19.07609,72.877426
560,Amar Nagar,19.1681,72.9309
561,Ambivali West,19.2686,73.1682
562,Andheri MIDC,19.1136,72.8697
563,Antop Hill,19.0283,72.8698
564,Apollo Bandar,18.9204,72.8301
565,Aptewadi,19.1645,73.2328
566,Aram Nagar,19.1301,72.8154
567,Ashok Nagar,19.1782,72.9571
568,Ashok Nagar Kandivali,19.1988,72.8567
569,Azde Gaon,19.2115,73.104
570,BDD Chawls Worli,19.0035,72.8205
571,BSNL Colony,19.1225,72.9158
572,Balaji Nagar,19.247,72.8689
573,Balkum Pada,19.2153,72.9918
574,Band Stand,19.0452,72.8191
575,Bander Pakhadi,19.214,72.832
576,Bangur Nagar,19.1655,72.8323
577,Battipada,19.1499,72.9354
578,Best Nagar,19.1512,72.8405
579,Bhabola,19.3654,72.8122
580,Bhadra Nagar,19.1883,73.0862
581,Bhaskar Colony,19.1854,72.9666
582,Bhayandarpada,19.2861,72.9505
583,Bonkode,19.0971,73.0117
584,Century Bazaar,19.0119,72.8257
585,Chakradhar Nagar,19.076,72.8777
586,Chandansar,19.4699,72.8427
587,Chedda Nagar,19.0616,72.907
588,Chembur Gaothan,19.0607,72.8992
589,Chincholi Phatak,19.1784,72.8475
590,Chipale,19.003,73.1512
591,Chirak Nagar,19.0888,72.8982
592,Chuim,19.0681,72.8239
593,Chunabhatti,19.0517,72.8692
594,Chunabhatti East,19.0517,72.8692
595,Cotton Green,18.9921,72.8466
597,Dahiwali Tarf Waredi,18.877235,72.928337
598,Damoji Patil Wadi,19.1738,72.9719
599,Datar Colony,19.1372,72.935
600,Dattaguru Nagar,19.1292,72.8394
601,Dawadi Gaon,19.2012,73.1115
602,Deendayal Nagar,19.1687,72.96300000000002
603,Devdaya Nagar,19.2182,72.9582
604,Diva Gaothan,19.1469,72.9911
605,Dominic Colony,19.1958,72.8405
606,Dongripada,19.2513,72.9704
607,Eden Wood,19.137999999999998,72.8278
608,Fatherwadi,19.4061,72.8449
609,Friends Colony,19.1486,72.9483
610,Gandhi Nagar Worli,18.9932,72.8229
611,Ganeshwadi,19.0944,72.9038
612,Ghodapdeo,18.9851,72.8397
613,Ghot,19.0855,73.1099
614,Ghotkamp Koyana Vele,19.0771,73.1128
615,Gilbert Hill,19.1206,72.8402
616,Gokul Heven,19.2095,72.8674
617,Gokuldham Colony,19.1703,72.8699
618,Golani Naka,19.4094,72.8587
619,Gorai 2,19.2295,72.824
620,Govandi East,19.0535,72.9239
621,Govind Nagar,19.2354,72.8493
622,Gowalia Tank,18.9623,72.8101
623,Gulmohar Colony,19.1196,72.8323
624,Gundavali Gaothan,19.1213,72.8549
625,HMPL Surya Nagar,19.1139,72.9239
626,Haji Ali,18.9778,72.8105
627,Hallow Pul,19.0774,72.8803
628,Hanuman Chowk,19.1719,72.9593
629,Hari Om Nagar,19.1748,72.9723
630,Harigram,19.0216,73.1497
631,Hill Road,19.136326,72.82766
632,Hira Nagar,19.160999999999998,72.9472
633,Huzefa Nagar,19.2097,72.8803
634,Indralok Phase 2,19.3009,72.8655
635,Indralok Phase 3,19.302,72.8674
636,Indralok Phase 4,19.3041,72.8699
637,Industrial Area,19.1334,72.8346
638,JK Gram,19.2092,72.96600000000002
639,Jambli Naka,19.191,72.9788
640,Jaydev Singh Nagar,19.1441,72.932
641,Jeevan Nagar,19.1315,72.8335
642,Juhu Lane,19.1141,72.8394
643,Jvpd Scheme,19.1106,72.8326
644,Kailash Colony,19.076,72.8777
645,Kala Nagar,19.0618,72.8526
646,Kamathipura,18.9649,72.8261
647,Kamlakar Nagar,19.2207,73.19800000000002
648,Kanakiya,19.0188,72.8479
649,Kanti Nagar,19.1063,72.8671
650,Karade Khurd,18.920901999999998,73.323097
651,Kasam Baug,19.1834,72.8571
652,Kashigaon,19.2705,72.8884
653,Kastur Park,19.2225,72.846
654,Kemps Corner,18.9629,72.8054
655,Kewale,19.0234,73.1575
656,Kharkar Alley,19.1962,72.9807
657,Kharodi,19.1952,72.8198
658,Kherwadi,19.0587,72.8444
659,Khuntavali,19.1214,73.2404
660,Kisan Nagar,19.1888,72.9483
661,Kokan Nagar,19.1462,72.9272
662,Kolbad Road,19.204139,72.975104
663,Koldongri,19.1117,72.8512
664,Koliwada,19.0182,72.8168
665,Kolshet,19.2385,72.9926
666,Kongaon,19.247,73.1083
667,Kulupwadi,19.229,72.8648
668,Kumbharkhan Pada,19.2357,73.0863
669,Kurar Village,19.1905,72.8639
670,LIC Colony,19.1796,72.9473
671,Lal Baug,18.9908,72.8383
672,Link Road,19.141213,72.830906
673,Lok Milan Colony,19.1121,72.8984
674,Lok Upvan,19.2209,72.9723
675,Lokhandwala Andheri West,19.1436,72.8246
676,Lokmanya Nagar,19.2079,72.9534
677,Lokpuram,19.2264,72.9693
678,M I D C,19.0895,73.0198
679,Mahajan Wadi,19.2641,72.8789
680,Mahalaxmi Sindhi Colony,19.0281,72.8449
681,Maharashtra Nagar,19.05,72.9394
682,Mahesh Nagar,19.1721,72.8435
683,Mamletdar Wadi,19.1861,72.8449
684,Mandvi,18.9522,72.8387
685,Manickpur,19.3748,72.8264
686,Mantralaya,18.929,72.8301
687,Marine Drive Chowpatty,18.954269,72.811501
688,Marine Lines,18.9431,72.8272
689,Marve Road,19.182755,72.84015699999999
690,Mhada Colony,19.1676,72.9675
691,Milat Nagar,19.1515,72.8287
692,Miragaon,19.2742,72.8789
693,Mirashi Nagar,19.1318,72.9379
694,Mitha Nagar,19.161,72.8375
695,Mogharpada,19.2823,72.9712
696,Motilal Nagar I,19.1575,72.8383
697,Mount Mary,19.0469,72.8235
698,Mulji Nagar,19.2179,72.8504
699,Nagesh Patilwadi,19.0541,72.9069
700,Nahur East,19.1538,72.9505
701,Nahur Gaothan,19.1612,72.9486
702,Naidu Colony,19.0856,72.915
703,Nandivali Gaon,19.2197,73.1282
704,Napean Sea Road,18.957534,72.799986
705,Nariman Point,18.9256,72.8242
706,Naringi,19.4843,72.8131
707,Navade,19.0511,73.0966
708,Navare Nagar,19.1936,73.2019
709,Navghar,19.3821,72.8198
710,Navghar Naka,19.3058,72.8593
711,Navneeth Colony,19.1258,72.8449
712,Navy Colony,19.1859,72.8419
713,Naya Nagar,19.2869,72.8618
714,Neelam Nagar,19.1742,72.9659
716,Nevali,19.0241,73.1305
717,New Panvel East,19.0016,73.1202
718,Nl Complex,19.2588,72.8685
719,Oshiwara,19.1483,72.8405
720,P And T Colony,19.2012,73.0903
721,Palaspa,18.9535,73.1291
722,Palaspe Phata,18.9692,73.1276
723,Pandurang Wadi,19.1709,72.8508
724,Patel Nagar,19.1379,72.8213
725,Pimpripada,19.1798,72.8685
726,Pisavli,19.215,73.1261
727,Police Colony,19.0649,72.8848
728,Postal Colony,19.0586,72.8936
729,Pragati Nagar,19.1608,72.8388
730,Pratikhsha Nagar,19.0428,72.8707
731,Premier Colony,19.0738,72.8877
732,Rabodi,19.2038,72.9852
733,Raheja Estate,19.2271,72.8671
734,Rajan Pada,19.1797,72.8335
736,Rajendra Nagar,19.2197,72.8589
737,Ram Maruti Road,19.226662,72.98383299999999
738,Ranjnoli,19.2694,73.0835
739,Ratan Nagar,19.1267,72.8242
740,Reclamation,19.0516,72.8346
741,Safed Pul,19.0986,72.885
742,Sagarli,19.2106,73.1018
743,Sahyadri Nagar,19.212,72.8301
744,Sai Wadi,19.1119,72.8534
745,Saki Vihar,19.1222,72.8908
746,Sangharsh Nagar,19.1084,72.9026
747,Sarvoday Parshwanath Nagar,19.1641,72.9453
748,Sarvodaya Nagar,19.1641,72.9453
749,Savoli,19.1175,73.0033
750,Sector 1 Ghansoli,19.1127,73.0055
751,Sector 1 Kopar Khairane,19.1616,72.9964
752,Sector 12 Vashi,19.0899,73.0032
753,Sector 14 Belapur,19.0106,73.0398
754,Sector 15 Kamothe,19.016,73.094
755,Sector 15 Nerul,19.0349,73.02
756,Sector 16 Ghansoli,19.1251,72.9938
757,Sector 16 Vashi,19.0794,72.9982
758,Sector 16A Nerul,19.037,73.0114
759,Sector 19B,19.082593,73.011264
760,Sector 23 Ghansoli,19.1344,72.9955
761,Sector 29 Nerul,19.0419,73.0189
762,Sector 3 Charkop,19.2178,72.8301
763,Sector 3 Kharghar,19.0285,73.0586
764,Sector 30A Vashi,19.0666,73.0007
765,Sector 40 Seawoods,19.0212,73.0147
766,Sector 44 Seawoods,19.0149,73.0136
767,Sector 48-A Seawoods,19.0153,73.0173
768,Sector 5 Charkop,19.2174,72.8257
769,Sector 6 Charkop,19.2164,72.8349
770,Sector 7 Airoli,19.1463,72.9966
771,Sector 8 New Panvel,19.0052,73.1209
772,Sector-1 Airoli,19.1644,72.9974
773,Sector-1 Khanda Colony,19.0081,73.1088
774,Sector-1 New Panvel,18.9984,73.1206
775,Sector-1 Vashi,19.0701,72.9966
776,Sector-10 Kalamboli,19.0329,73.0977
777,Sector-10 Nerul,19.0376,73.0158
778,Sector-10 New Panvel,19.0028,73.1248
779,Sector-10 Vashi,19.0825,72.9981
780,Sector-10A Vashi,19.0796,72.994
781,Sector-11 Ghansoli,19.1195,72.9923
782,Sector-11 Khanda Colony,19.0031,73.1136
783,Sector-11 New Panvel,18.9994,73.1235
784,Sector-11 Sanpada,19.0558,73.0162
785,Sector-12 New Panvel,18.9981,73.1257
786,Sector-13 Kopar Khairane,19.0961,73.0072
787,Sector-13 Nerul,19.0372,73.02600000000002
788,Sector-14 Airoli,19.1506,72.9885
789,Sector-14 Nerul,19.0394,73.0103
790,Sector-15 New Panvel,18.9871,73.1268
791,Sector-15A New Panvel,18.9916,73.125
792,Sector-16 Airoli,19.15,72.994
793,Sector-16 New Panvel,18.9882,73.1268
794,Sector-16A Sanpada,19.058,73.0055
795,Sector-17 Kalamboli,19.039,73.0944
796,Sector-17 Khanda Colony,19.0067,73.1062
797,Sector-17 Sanpada,19.0577,73.0025
798,Sector-18 Kopar Khairane,19.103,73.0025
799,Sector-18A Nerul,19.0335,73.0088
800,Sector-19 Belapur,19.0151,73.0338
801,Sector-19 New Panvel,18.997,73.1213
802,Sector-2 Airoli,19.1618,72.997
803,Sector-2 Ghansoli,19.103,73.0213
804,Sector-2 Kopar Khairane,19.1616,72.9964
805,Sector-2 Vashi,19.0731,72.9969
806,Sector-22 Kopar Khairane,19.1014,72.997
807,Sector-24 Taloja,19.0721,73.1014
808,Sector-26 Taloja,19.0737,73.1029
809,Sector-29 Belapur,19.0204,73.0368
810,Sector-2A Kopar Khairane,19.1113,73.0062
811,Sector-3 Airoli,19.1575,72.9969
812,Sector-3 Ghansoli,19.1151,73.0044
813,Sector-3 Kopar Khairane,19.1064,73.0044
814,Sector-3 New Panvel,19.0019,73.1198
815,Sector-30 Ghansoli,19.1395,72.9981
816,Sector-30 Vashi,19.0668,72.9955
817,Sector-31 Kamothe,19.016804,73.096458
818,Sector-38 Seawoods,19.0192,73.0129
819,Sector-4 Airoli,19.1532,72.997
820,Sector-4 Kopar Khairane,19.1616,72.9964
821,Sector-4 New Panvel,19.0032,73.1184
822,Sector-4 Sanpada,19.064,73.0117
823,Sector-4 Vashi,19.0738,72.992
824,Sector-46 Seawoods,19.0106,73.0131
825,Sector-48 Seawoods,19.0134,73.0166
826,Sector-4A Koparkhairane,19.1616,72.9964
827,Sector-5 Airoli,19.1489,72.997
828,Sector-5 New Panvel East,19.005,73.118
829,Sector-58A Seawoods,19.0096,73.0106
830,Sector-6 Kopar Khairane,19.1033,73.0055
831,Sector-6 Nerul,19.0421,73.0101
832,Sector-6 New Panvel,19.0091,73.1165
833,Sector-7 Ghansoli,19.1228,72.9997
834,Sector-7 Khanda Colony,19.0103,73.1136
835,Sector-7 Kopar Khairane,19.1008,73.0058
836,Sector-8 Kamothe,19.0217,73.0933
837,Sector-8 Kopar Khairane,19.1015,73.0092
838,Sector-9 Ghansoli,19.1159,72.9985
839,Sector-9 Khanda Colony,19.0074,73.1136
840,Sector-9 New Panvel,19.0027,73.1236
841,Sector-9 Shanti Nagar,19.2746,72.8645
842,Sector-9A Vashi,19.0756,72.997
843,Shahapur,19.4521,73.328
844,Shahbaz Village,19.0152,73.0364
845,Shaninagar,19.1716,73.2389
846,Shankar Pada,19.2057,72.8357
847,Shantivan Complex Colony,19.2344,72.8645
848,Shirdon,18.9342,73.1379
849,Shiv Colony,19.076,72.8777
850,Shiv Sagar Estate,18.9902,72.8128
851,Shivai Nagar,19.217,72.9571
853,Shrishti,19.0316,73.0996
854,Sion (West),19.0395,72.8597
855,Somwari Bazar,19.1815,72.8419
856,Sonar Pada,19.1835,73.0966
857,Sonivali,19.1763,73.2581
858,Subhash Nagar,19.0683,72.8973
859,Sukapur,19.0007,73.1342
860,Sundervan Complex,19.1375,72.8283
861,Suresh Nagar,19.1343,72.8287
862,Suyog Nagar,19.3708,72.8172
863,Swastik Park,19.0553,72.8892
864,Taloje Majkur,19.0866,73.0988
865,Tarun Bharat Nagar,19.1088,72.8626
866,Tata Colony,19.1595,72.9571
867,Tembhi Naka,19.1978,72.9761
868,Tembhipada,19.1568,72.9291
869,Thakurwadi,20.0032536,72.7286554
870,Themghar,19.2662,73.0716
871,Tirupati Nagar,19.366636,72.816101
872,Tisgao Naka,19.2237,73.1339
873,Tunga Village,19.1172,72.8907
874,Umelman,19.3603,72.8299
875,Union Park,19.0484,72.9003
876,Usarghar Gaon,19.1812,73.07300000000002
877,Usarli Khurd,18.976,73.1394
878,Ushma Nagar,19.1944,72.8314
879,Vadghar,18.9838,73.1036
880,Valmiki Nagar,19.066,72.8549
881,Vardhman Nagar,19.1802,72.9483
882,Vazira,19.229,72.8419
883,Veena Nagar,19.1796,72.9424
884,Veena Nagar Phase-II,19.1822,72.9448
885,Vidya Nagari,19.0744,72.8641
886,Vidya Vihar West,19.0792,72.8914
887,Vidyavihar,19.0798,72.8973
888,Vijay Nagar,19.1144,72.8497
889,Vikhroli (East),19.1142,72.9358
890,Virat Nagar,19.287139,72.868842
891,Vishveshwar Nagar,19.1686,72.8567
892,Vrindavan,19.0511,72.8676
893,Wagle Estate,19.1868,72.9545
894,Waterfield Road,19.063966,72.835624
895,Worli Hill,19.0283,72.8698
896,Worli Naka,18.9986,72.8179
897,Worli Seaface,19.0091,72.8157
898,Yadav Nagar,19.1089,72.8936
899,Yamuna Nagar,19.1488,72.8268
900,Yashodham,19.1694,72.8679
901,Yashodhan Nagar,19.211,72.9542
